Price,LastUpdated
62.25,"Apr 03, 2025 07:00 PM"
62.0086,"Apr 03, 2025 06:55 PM"
62.2499,"Apr 03, 2025 06:50 PM"
62.09,"Apr 03, 2025 06:30 PM"
62.05,"Apr 03, 2025 06:25 PM"
62.25,"Apr 03, 2025 06:05 PM"
62,"Apr 03, 2025 05:55 PM"
63.655,"Apr 03, 2025 05:50 PM"
62.01,"Apr 03, 2025 05:15 PM"
62.01,"Apr 03, 2025 05:10 PM"
62.0001,"Apr 03, 2025 05:05 PM"
62.0001,"Apr 03, 2025 05:00 PM"
61.9,"Apr 03, 2025 04:50 PM"
62.25,"Apr 03, 2025 04:35 PM"
61.84,"Apr 03, 2025 04:10 PM"
62.09,"Apr 03, 2025 04:05 PM"
62.09,"Apr 03, 2025 04:00 PM"
62.12,"Apr 03, 2025 03:55 PM"
61.9754,"Apr 03, 2025 03:50 PM"
61.9,"Apr 03, 2025 03:45 PM"
61.99,"Apr 03, 2025 03:40 PM"
62.09,"Apr 03, 2025 03:35 PM"
62.03,"Apr 03, 2025 03:30 PM"
62.26,"Apr 03, 2025 03:25 PM"
62.2599,"Apr 03, 2025 03:20 PM"
62.285,"Apr 03, 2025 03:15 PM"
62.3,"Apr 03, 2025 03:10 PM"
62.365,"Apr 03, 2025 03:05 PM"
62.33,"Apr 03, 2025 03:00 PM"
62.315,"Apr 03, 2025 02:55 PM"
62.345,"Apr 03, 2025 02:50 PM"
62.425,"Apr 03, 2025 02:45 PM"
62.35,"Apr 03, 2025 02:40 PM"
62.26,"Apr 03, 2025 02:35 PM"
62.21,"Apr 03, 2025 02:30 PM"
62.38,"Apr 03, 2025 02:25 PM"
62.43,"Apr 03, 2025 02:20 PM"
62.405,"Apr 03, 2025 02:15 PM"
62.347,"Apr 03, 2025 02:10 PM"
62.245,"Apr 03, 2025 02:05 PM"
62.355,"Apr 03, 2025 02:00 PM"
62.52,"Apr 03, 2025 01:55 PM"
62.585,"Apr 03, 2025 01:50 PM"
62.565,"Apr 03, 2025 01:45 PM"
62.585,"Apr 03, 2025 01:40 PM"
62.505,"Apr 03, 2025 01:35 PM"
62.455,"Apr 03, 2025 01:30 PM"
62.43,"Apr 03, 2025 01:25 PM"
62.475,"Apr 03, 2025 01:20 PM"
62.4375,"Apr 03, 2025 01:15 PM"
62.38,"Apr 03, 2025 01:10 PM"
62.44,"Apr 03, 2025 01:05 PM"
62.51,"Apr 03, 2025 01:00 PM"
62.59,"Apr 03, 2025 12:55 PM"
62.66,"Apr 03, 2025 12:50 PM"
62.67,"Apr 03, 2025 12:45 PM"
62.57,"Apr 03, 2025 12:40 PM"
62.61,"Apr 03, 2025 12:35 PM"
62.63,"Apr 03, 2025 12:30 PM"
62.655,"Apr 03, 2025 12:25 PM"
62.655,"Apr 03, 2025 12:20 PM"
62.59,"Apr 03, 2025 12:15 PM"
62.64,"Apr 03, 2025 12:10 PM"
62.63,"Apr 03, 2025 12:05 PM"
62.4501,"Apr 03, 2025 12:00 PM"
62.595,"Apr 03, 2025 11:55 AM"
62.59,"Apr 03, 2025 11:50 AM"
62.625,"Apr 03, 2025 11:45 AM"
62.68,"Apr 03, 2025 11:40 AM"
62.525,"Apr 03, 2025 11:35 AM"
62.605,"Apr 03, 2025 11:30 AM"
62.6,"Apr 03, 2025 11:25 AM"
62.595,"Apr 03, 2025 11:20 AM"
62.61,"Apr 03, 2025 11:15 AM"
62.63,"Apr 03, 2025 11:10 AM"
62.685,"Apr 03, 2025 11:05 AM"
62.82,"Apr 03, 2025 11:00 AM"
62.76,"Apr 03, 2025 10:55 AM"
62.91,"Apr 03, 2025 10:50 AM"
62.8,"Apr 03, 2025 10:45 AM"
62.89,"Apr 03, 2025 10:40 AM"
62.81,"Apr 03, 2025 10:35 AM"
62.79,"Apr 03, 2025 10:30 AM"
63.02,"Apr 03, 2025 10:25 AM"
63.06,"Apr 03, 2025 10:20 AM"
62.895,"Apr 03, 2025 10:15 AM"
62.65,"Apr 03, 2025 10:10 AM"
62.46,"Apr 03, 2025 10:05 AM"
62.41,"Apr 03, 2025 10:00 AM"
62.57,"Apr 03, 2025 09:55 AM"
62.59,"Apr 03, 2025 09:50 AM"
62.95,"Apr 03, 2025 09:45 AM"
63.07,"Apr 03, 2025 09:40 AM"
62.975,"Apr 03, 2025 09:35 AM"
63.065,"Apr 03, 2025 09:30 AM"
62.81,"Apr 03, 2025 09:25 AM"
62.88,"Apr 03, 2025 09:20 AM"
62.97,"Apr 03, 2025 09:10 AM"
62.87,"Apr 03, 2025 09:05 AM"
62.92,"Apr 03, 2025 09:00 AM"
62.97,"Apr 03, 2025 08:55 AM"
63.12,"Apr 03, 2025 08:50 AM"
63.13,"Apr 03, 2025 08:45 AM"
64.4,"Apr 03, 2025 08:40 AM"
63.24,"Apr 03, 2025 08:35 AM"
63.22,"Apr 03, 2025 08:30 AM"
63.15,"Apr 03, 2025 08:25 AM"
63.19,"Apr 03, 2025 08:20 AM"
63.25,"Apr 03, 2025 08:15 AM"
63.36,"Apr 03, 2025 08:05 AM"
63.3,"Apr 03, 2025 08:00 AM"
63.17,"Apr 03, 2025 07:55 AM"
63.15,"Apr 03, 2025 07:50 AM"
63.27,"Apr 03, 2025 07:45 AM"
63.22,"Apr 03, 2025 07:40 AM"
63.18,"Apr 03, 2025 07:35 AM"
63.25,"Apr 03, 2025 07:30 AM"
63.42,"Apr 03, 2025 07:25 AM"
63.66,"Apr 03, 2025 07:20 AM"
63.78,"Apr 03, 2025 07:15 AM"
63.81,"Apr 03, 2025 07:05 AM"
63.74,"Apr 03, 2025 06:55 AM"
63.79,"Apr 03, 2025 06:50 AM"
63.9,"Apr 03, 2025 06:45 AM"
64.01,"Apr 03, 2025 06:35 AM"
64.1,"Apr 03, 2025 06:30 AM"
64.4,"Apr 03, 2025 06:25 AM"
64.6,"Apr 03, 2025 06:15 AM"
64.76,"Apr 03, 2025 06:10 AM"
64.35,"Apr 03, 2025 06:05 AM"
64.19,"Apr 03, 2025 06:00 AM"
64.35,"Apr 03, 2025 05:50 AM"
64.32,"Apr 03, 2025 05:45 AM"
64.42,"Apr 03, 2025 05:40 AM"
64.45,"Apr 03, 2025 05:35 AM"
64.34,"Apr 03, 2025 05:30 AM"
64.53,"Apr 03, 2025 05:20 AM"
64.53,"Apr 03, 2025 05:15 AM"
64.54,"Apr 03, 2025 05:10 AM"
64.45,"Apr 03, 2025 05:05 AM"
64.63,"Apr 03, 2025 04:45 AM"
64.64,"Apr 03, 2025 04:40 AM"
64.69,"Apr 03, 2025 04:35 AM"
64.62,"Apr 03, 2025 04:30 AM"
64.56,"Apr 03, 2025 04:25 AM"
64.58,"Apr 03, 2025 04:10 AM"
64.55,"Apr 03, 2025 04:00 AM"
63.5,"Apr 02, 2025 07:30 PM"
63.74,"Apr 02, 2025 07:25 PM"
64.4,"Apr 02, 2025 07:00 PM"
63.2332,"Apr 02, 2025 06:50 PM"
63.2857,"Apr 02, 2025 06:35 PM"
64.4,"Apr 02, 2025 06:30 PM"
63.409,"Apr 02, 2025 06:20 PM"
63.4263,"Apr 02, 2025 06:10 PM"
63.8,"Apr 02, 2025 06:00 PM"
63.87,"Apr 02, 2025 05:50 PM"
64,"Apr 02, 2025 05:15 PM"
64.42,"Apr 02, 2025 04:35 PM"
64.42,"Apr 02, 2025 04:25 PM"
64.42,"Apr 02, 2025 04:10 PM"
64.4,"Apr 02, 2025 04:05 PM"
64.4,"Apr 02, 2025 04:00 PM"
64.4,"Apr 02, 2025 03:55 PM"
64.47,"Apr 02, 2025 03:50 PM"
64.465,"Apr 02, 2025 03:45 PM"
64.37,"Apr 02, 2025 03:40 PM"
64.305,"Apr 02, 2025 03:35 PM"
64.3,"Apr 02, 2025 03:30 PM"
64.27,"Apr 02, 2025 03:25 PM"
64.325,"Apr 02, 2025 03:20 PM"
64.27,"Apr 02, 2025 03:15 PM"
64.28,"Apr 02, 2025 03:10 PM"
64.3395,"Apr 02, 2025 03:05 PM"
64.31,"Apr 02, 2025 03:00 PM"
64.2,"Apr 02, 2025 02:55 PM"
64.32,"Apr 02, 2025 02:50 PM"
64.35,"Apr 02, 2025 02:45 PM"
64.38,"Apr 02, 2025 02:40 PM"
64.4,"Apr 02, 2025 02:35 PM"
64.255,"Apr 02, 2025 02:30 PM"
64.19,"Apr 02, 2025 02:25 PM"
64.21,"Apr 02, 2025 02:20 PM"
64.255,"Apr 02, 2025 02:15 PM"
64.3,"Apr 02, 2025 02:10 PM"
64.31,"Apr 02, 2025 02:05 PM"
64.32,"Apr 02, 2025 02:00 PM"
64.29,"Apr 02, 2025 01:55 PM"
64.225,"Apr 02, 2025 01:50 PM"
64.2,"Apr 02, 2025 01:45 PM"
64.23,"Apr 02, 2025 01:40 PM"
64.3,"Apr 02, 2025 01:35 PM"
64.35,"Apr 02, 2025 01:30 PM"
64.425,"Apr 02, 2025 01:25 PM"
64.3799,"Apr 02, 2025 01:20 PM"
64.345,"Apr 02, 2025 01:15 PM"
64.35,"Apr 02, 2025 01:10 PM"
64.31,"Apr 02, 2025 01:05 PM"
64.265,"Apr 02, 2025 01:00 PM"
64.3,"Apr 02, 2025 12:55 PM"
64.35,"Apr 02, 2025 12:50 PM"
64.34,"Apr 02, 2025 12:45 PM"
64.28,"Apr 02, 2025 12:40 PM"
64.27,"Apr 02, 2025 12:35 PM"
64.33,"Apr 02, 2025 12:30 PM"
64.365,"Apr 02, 2025 12:25 PM"
64.33,"Apr 02, 2025 12:20 PM"
64.3,"Apr 02, 2025 12:15 PM"
64.39,"Apr 02, 2025 12:10 PM"
64.314,"Apr 02, 2025 12:05 PM"
64.295,"Apr 02, 2025 12:00 PM"
64.27,"Apr 02, 2025 11:55 AM"
64.305,"Apr 02, 2025 11:50 AM"
64.38,"Apr 02, 2025 11:45 AM"
64.45,"Apr 02, 2025 11:40 AM"
64.47,"Apr 02, 2025 11:35 AM"
64.53,"Apr 02, 2025 11:30 AM"
64.39,"Apr 02, 2025 11:25 AM"
64.4,"Apr 02, 2025 11:20 AM"
64.35,"Apr 02, 2025 11:15 AM"
64.365,"Apr 02, 2025 11:10 AM"
64.395,"Apr 02, 2025 11:05 AM"
64.41,"Apr 02, 2025 11:00 AM"
64.405,"Apr 02, 2025 10:55 AM"
64.39,"Apr 02, 2025 10:50 AM"
64.31,"Apr 02, 2025 10:45 AM"
64.27,"Apr 02, 2025 10:40 AM"
64.26,"Apr 02, 2025 10:35 AM"
64.2,"Apr 02, 2025 10:30 AM"
64.15,"Apr 02, 2025 10:25 AM"
64.155,"Apr 02, 2025 10:20 AM"
64.29,"Apr 02, 2025 10:15 AM"
64.22,"Apr 02, 2025 10:10 AM"
64.225,"Apr 02, 2025 10:05 AM"
64.1,"Apr 02, 2025 10:00 AM"
64.06,"Apr 02, 2025 09:55 AM"
63.93,"Apr 02, 2025 09:50 AM"
63.98,"Apr 02, 2025 09:45 AM"
64.07,"Apr 02, 2025 09:40 AM"
64.18,"Apr 02, 2025 09:35 AM"
64.19,"Apr 02, 2025 09:30 AM"
64.19,"Apr 02, 2025 09:25 AM"
64.1701,"Apr 02, 2025 09:15 AM"
64.29,"Apr 02, 2025 09:05 AM"
64.18,"Apr 02, 2025 09:00 AM"
64.18,"Apr 02, 2025 08:50 AM"
64.21,"Apr 02, 2025 08:35 AM"
64.0836,"Apr 02, 2025 08:30 AM"
64.07,"Apr 02, 2025 08:20 AM"
64.49,"Apr 02, 2025 08:00 AM"
64.18,"Apr 02, 2025 07:50 AM"
64.2,"Apr 02, 2025 07:40 AM"
64.16,"Apr 02, 2025 07:35 AM"
64.24,"Apr 02, 2025 07:30 AM"
64.24,"Apr 02, 2025 07:00 AM"
64.28,"Apr 02, 2025 06:25 AM"
64.28,"Apr 02, 2025 06:00 AM"
64.35,"Apr 02, 2025 05:20 AM"
64.38,"Apr 02, 2025 05:15 AM"
64.34,"Apr 02, 2025 04:55 AM"
64.29,"Apr 02, 2025 04:45 AM"
64.25,"Apr 02, 2025 04:35 AM"
64.02,"Apr 02, 2025 04:15 AM"
63.96,"Apr 02, 2025 04:10 AM"
63.94,"Apr 02, 2025 04:00 AM"
64.49,"Apr 01, 2025 07:40 PM"
64.49,"Apr 01, 2025 07:00 PM"
64.4502,"Apr 01, 2025 06:35 PM"
65.5713,"Apr 01, 2025 06:30 PM"
64.45,"Apr 01, 2025 04:20 PM"
64.49,"Apr 01, 2025 04:10 PM"
64.49,"Apr 01, 2025 04:05 PM"
64.49,"Apr 01, 2025 04:00 PM"
64.52,"Apr 01, 2025 03:55 PM"
64.49,"Apr 01, 2025 03:50 PM"
64.485,"Apr 01, 2025 03:45 PM"
64.43,"Apr 01, 2025 03:40 PM"
64.405,"Apr 01, 2025 03:35 PM"
64.4,"Apr 01, 2025 03:30 PM"
64.31,"Apr 01, 2025 03:25 PM"
64.335,"Apr 01, 2025 03:20 PM"
64.185,"Apr 01, 2025 03:15 PM"
64.16,"Apr 01, 2025 03:10 PM"
64.14,"Apr 01, 2025 03:05 PM"
64.185,"Apr 01, 2025 03:00 PM"
64.124,"Apr 01, 2025 02:55 PM"
64.0997,"Apr 01, 2025 02:50 PM"
64.06,"Apr 01, 2025 02:45 PM"
64.13,"Apr 01, 2025 02:40 PM"
64.085,"Apr 01, 2025 02:35 PM"
64.15,"Apr 01, 2025 02:30 PM"
64.11,"Apr 01, 2025 02:25 PM"
64.12,"Apr 01, 2025 02:20 PM"
64.13,"Apr 01, 2025 02:15 PM"
64.195,"Apr 01, 2025 02:10 PM"
64.205,"Apr 01, 2025 02:05 PM"
64.22,"Apr 01, 2025 02:00 PM"
64.2725,"Apr 01, 2025 01:55 PM"
64.275,"Apr 01, 2025 01:50 PM"
64.26,"Apr 01, 2025 01:45 PM"
64.215,"Apr 01, 2025 01:40 PM"
64.25,"Apr 01, 2025 01:35 PM"
64.195,"Apr 01, 2025 01:30 PM"
64.1899,"Apr 01, 2025 01:25 PM"
64.18,"Apr 01, 2025 01:20 PM"
64.185,"Apr 01, 2025 01:15 PM"
64.26,"Apr 01, 2025 01:10 PM"
64.29,"Apr 01, 2025 01:05 PM"
64.33,"Apr 01, 2025 01:00 PM"
64.37,"Apr 01, 2025 12:55 PM"
64.365,"Apr 01, 2025 12:50 PM"
64.28,"Apr 01, 2025 12:45 PM"
64.27,"Apr 01, 2025 12:40 PM"
64.185,"Apr 01, 2025 12:35 PM"
64.1918,"Apr 01, 2025 12:30 PM"
64.28,"Apr 01, 2025 12:25 PM"
64.34,"Apr 01, 2025 12:20 PM"
64.37,"Apr 01, 2025 12:15 PM"
64.3293,"Apr 01, 2025 12:10 PM"
64.33,"Apr 01, 2025 12:05 PM"
64.31,"Apr 01, 2025 12:00 PM"
64.265,"Apr 01, 2025 11:55 AM"
64.26,"Apr 01, 2025 11:50 AM"
64.325,"Apr 01, 2025 11:45 AM"
64.3228,"Apr 01, 2025 11:40 AM"
64.2681,"Apr 01, 2025 11:35 AM"
64.31,"Apr 01, 2025 11:30 AM"
64.25,"Apr 01, 2025 11:25 AM"
64.34,"Apr 01, 2025 11:20 AM"
64.29,"Apr 01, 2025 11:15 AM"
64.27,"Apr 01, 2025 11:10 AM"
64.18,"Apr 01, 2025 11:05 AM"
64.19,"Apr 01, 2025 11:00 AM"
64.09,"Apr 01, 2025 10:55 AM"
64.06,"Apr 01, 2025 10:50 AM"
64,"Apr 01, 2025 10:45 AM"
64,"Apr 01, 2025 10:40 AM"
63.9585,"Apr 01, 2025 10:35 AM"
63.89,"Apr 01, 2025 10:30 AM"
63.82,"Apr 01, 2025 10:25 AM"
63.84,"Apr 01, 2025 10:20 AM"
63.86,"Apr 01, 2025 10:15 AM"
63.815,"Apr 01, 2025 10:10 AM"
63.96,"Apr 01, 2025 10:05 AM"
63.9247,"Apr 01, 2025 10:00 AM"
64.03,"Apr 01, 2025 09:55 AM"
64.0648,"Apr 01, 2025 09:50 AM"
63.9785,"Apr 01, 2025 09:45 AM"
63.945,"Apr 01, 2025 09:40 AM"
64.08,"Apr 01, 2025 09:35 AM"
64.03,"Apr 01, 2025 09:30 AM"
64.14,"Apr 01, 2025 09:25 AM"
64.09,"Apr 01, 2025 09:20 AM"
64.01,"Apr 01, 2025 09:10 AM"
64.06,"Apr 01, 2025 09:00 AM"
64.09,"Apr 01, 2025 08:55 AM"
64.07,"Apr 01, 2025 08:50 AM"
64.5419,"Apr 01, 2025 08:40 AM"
64.69,"Apr 01, 2025 08:35 AM"
64.69,"Apr 01, 2025 08:25 AM"
64.11,"Apr 01, 2025 08:20 AM"
64.14,"Apr 01, 2025 08:15 AM"
64.5419,"Apr 01, 2025 08:00 AM"
64,"Apr 01, 2025 07:55 AM"
64,"Apr 01, 2025 07:35 AM"
64.1,"Apr 01, 2025 07:20 AM"
64.14,"Apr 01, 2025 07:15 AM"
64.12,"Apr 01, 2025 07:10 AM"
64.26,"Apr 01, 2025 07:00 AM"
64.3,"Apr 01, 2025 06:35 AM"
64.25,"Apr 01, 2025 06:30 AM"
64.31,"Apr 01, 2025 06:25 AM"
64.36,"Apr 01, 2025 06:20 AM"
64.26,"Apr 01, 2025 06:10 AM"
64.45,"Apr 01, 2025 06:05 AM"
64.47,"Apr 01, 2025 06:00 AM"
64.6,"Apr 01, 2025 05:40 AM"
64.43,"Apr 01, 2025 04:35 AM"
64.52,"Apr 01, 2025 04:25 AM"
64.46,"Apr 01, 2025 04:20 AM"
64.47,"Apr 01, 2025 04:05 AM"
64.47,"Apr 01, 2025 04:00 AM"
64.99,"Mar 31, 2025 07:10 PM"
64.69,"Mar 31, 2025 07:00 PM"
64.69,"Mar 31, 2025 06:30 PM"
64.75,"Mar 31, 2025 06:05 PM"
64.76,"Mar 31, 2025 05:55 PM"
64.69,"Mar 31, 2025 05:40 PM"
64.67,"Mar 31, 2025 05:25 PM"
64.67,"Mar 31, 2025 04:55 PM"
64.67,"Mar 31, 2025 04:40 PM"
64.69,"Mar 31, 2025 04:10 PM"
64.69,"Mar 31, 2025 04:05 PM"
64.69,"Mar 31, 2025 04:00 PM"
64.69,"Mar 31, 2025 03:55 PM"
64.84,"Mar 31, 2025 03:50 PM"
64.84,"Mar 31, 2025 03:45 PM"
64.86,"Mar 31, 2025 03:40 PM"
64.705,"Mar 31, 2025 03:35 PM"
64.71,"Mar 31, 2025 03:30 PM"
64.66,"Mar 31, 2025 03:25 PM"
64.75,"Mar 31, 2025 03:20 PM"
64.68,"Mar 31, 2025 03:15 PM"
64.7,"Mar 31, 2025 03:10 PM"
64.67,"Mar 31, 2025 03:05 PM"
64.67,"Mar 31, 2025 03:00 PM"
64.5786,"Mar 31, 2025 02:55 PM"
64.63,"Mar 31, 2025 02:50 PM"
64.6,"Mar 31, 2025 02:45 PM"
64.5725,"Mar 31, 2025 02:40 PM"
64.55,"Mar 31, 2025 02:35 PM"
64.645,"Mar 31, 2025 02:30 PM"
64.57,"Mar 31, 2025 02:25 PM"
64.61,"Mar 31, 2025 02:20 PM"
64.63,"Mar 31, 2025 02:15 PM"
64.55,"Mar 31, 2025 02:10 PM"
64.63,"Mar 31, 2025 02:05 PM"
64.52,"Mar 31, 2025 02:00 PM"
64.44,"Mar 31, 2025 01:55 PM"
64.54,"Mar 31, 2025 01:50 PM"
64.45,"Mar 31, 2025 01:45 PM"
64.49,"Mar 31, 2025 01:40 PM"
64.585,"Mar 31, 2025 01:35 PM"
64.63,"Mar 31, 2025 01:30 PM"
64.54,"Mar 31, 2025 01:25 PM"
64.53,"Mar 31, 2025 01:20 PM"
64.56,"Mar 31, 2025 01:15 PM"
64.7,"Mar 31, 2025 01:10 PM"
64.76,"Mar 31, 2025 01:05 PM"
64.75,"Mar 31, 2025 01:00 PM"
64.8215,"Mar 31, 2025 12:55 PM"
64.955,"Mar 31, 2025 12:50 PM"
65.02,"Mar 31, 2025 12:45 PM"
64.93,"Mar 31, 2025 12:40 PM"
64.835,"Mar 31, 2025 12:35 PM"
64.73,"Mar 31, 2025 12:30 PM"
64.7,"Mar 31, 2025 12:25 PM"
64.655,"Mar 31, 2025 12:20 PM"
64.685,"Mar 31, 2025 12:15 PM"
64.67,"Mar 31, 2025 12:10 PM"
64.605,"Mar 31, 2025 12:05 PM"
64.63,"Mar 31, 2025 12:00 PM"
64.59,"Mar 31, 2025 11:55 AM"
64.56,"Mar 31, 2025 11:50 AM"
64.62,"Mar 31, 2025 11:45 AM"
64.5418,"Mar 31, 2025 11:40 AM"
64.6,"Mar 31, 2025 11:35 AM"
64.53,"Mar 31, 2025 11:30 AM"
64.54,"Mar 31, 2025 11:25 AM"
64.59,"Mar 31, 2025 11:20 AM"
64.62,"Mar 31, 2025 11:15 AM"
64.6217,"Mar 31, 2025 11:10 AM"
64.56,"Mar 31, 2025 11:05 AM"
64.59,"Mar 31, 2025 11:00 AM"
64.56,"Mar 31, 2025 10:55 AM"
64.555,"Mar 31, 2025 10:50 AM"
64.47,"Mar 31, 2025 10:45 AM"
64.48,"Mar 31, 2025 10:40 AM"
64.52,"Mar 31, 2025 10:35 AM"
64.45,"Mar 31, 2025 10:30 AM"
64.3054,"Mar 31, 2025 10:25 AM"
64.26,"Mar 31, 2025 10:20 AM"
64.34,"Mar 31, 2025 10:15 AM"
64.285,"Mar 31, 2025 10:10 AM"
64.26,"Mar 31, 2025 10:05 AM"
64.3,"Mar 31, 2025 10:00 AM"
64.3,"Mar 31, 2025 09:55 AM"
64.15,"Mar 31, 2025 09:50 AM"
64.0028,"Mar 31, 2025 09:45 AM"
63.91,"Mar 31, 2025 09:40 AM"
64.07,"Mar 31, 2025 09:35 AM"
63.91,"Mar 31, 2025 09:30 AM"
63.77,"Mar 31, 2025 09:25 AM"
63.7436,"Mar 31, 2025 09:10 AM"
63.7102,"Mar 31, 2025 09:00 AM"
63.7,"Mar 31, 2025 08:55 AM"
63.72,"Mar 31, 2025 08:50 AM"
63.7506,"Mar 31, 2025 08:40 AM"
63.8,"Mar 31, 2025 08:35 AM"
63.72,"Mar 31, 2025 08:30 AM"
63.7,"Mar 31, 2025 08:25 AM"
63.75,"Mar 31, 2025 08:20 AM"
63.7093,"Mar 31, 2025 08:15 AM"
63.71,"Mar 31, 2025 08:00 AM"
63.78,"Mar 31, 2025 07:45 AM"
63.74,"Mar 31, 2025 07:40 AM"
63.62,"Mar 31, 2025 07:10 AM"
63.6,"Mar 31, 2025 07:00 AM"
63.71,"Mar 31, 2025 06:40 AM"
63.7,"Mar 31, 2025 06:15 AM"
63.72,"Mar 31, 2025 06:05 AM"
63.85,"Mar 31, 2025 05:50 AM"
63.9,"Mar 31, 2025 05:40 AM"
64.03,"Mar 31, 2025 05:10 AM"
64.09,"Mar 31, 2025 04:50 AM"
63.92,"Mar 31, 2025 04:35 AM"
64.15,"Mar 31, 2025 04:05 AM"
64.15,"Mar 31, 2025 04:00 AM"
64.15,"Mar 28, 2025 07:00 PM"
64.15,"Mar 28, 2025 06:35 PM"
64.15,"Mar 28, 2025 06:30 PM"
64.15,"Mar 28, 2025 06:25 PM"
63.31,"Mar 28, 2025 05:55 PM"
64.51,"Mar 28, 2025 04:50 PM"
64.51,"Mar 28, 2025 04:25 PM"
65.7913,"Mar 28, 2025 04:10 PM"
64.15,"Mar 28, 2025 04:05 PM"
64.15,"Mar 28, 2025 04:00 PM"
64.15,"Mar 28, 2025 03:55 PM"
64.345,"Mar 28, 2025 03:50 PM"
64.32,"Mar 28, 2025 03:45 PM"
64.27,"Mar 28, 2025 03:40 PM"
64.28,"Mar 28, 2025 03:35 PM"
64.22,"Mar 28, 2025 03:30 PM"
64.26,"Mar 28, 2025 03:25 PM"
64.2625,"Mar 28, 2025 03:20 PM"
64.215,"Mar 28, 2025 03:15 PM"
64.26,"Mar 28, 2025 03:10 PM"
64.255,"Mar 28, 2025 03:05 PM"
64.24,"Mar 28, 2025 03:00 PM"
64.21,"Mar 28, 2025 02:55 PM"
64.18,"Mar 28, 2025 02:50 PM"
64.23,"Mar 28, 2025 02:45 PM"
64.21,"Mar 28, 2025 02:40 PM"
64.165,"Mar 28, 2025 02:35 PM"
64.195,"Mar 28, 2025 02:30 PM"
64.16,"Mar 28, 2025 02:25 PM"
64.212,"Mar 28, 2025 02:20 PM"
64.17,"Mar 28, 2025 02:15 PM"
64.12,"Mar 28, 2025 02:10 PM"
64.14,"Mar 28, 2025 02:05 PM"
64.115,"Mar 28, 2025 02:00 PM"
64.08,"Mar 28, 2025 01:55 PM"
64.12,"Mar 28, 2025 01:50 PM"
64.08,"Mar 28, 2025 01:45 PM"
64.07,"Mar 28, 2025 01:40 PM"
64.065,"Mar 28, 2025 01:35 PM"
64,"Mar 28, 2025 01:30 PM"
63.96,"Mar 28, 2025 01:25 PM"
64.055,"Mar 28, 2025 01:20 PM"
64.07,"Mar 28, 2025 01:15 PM"
64.0722,"Mar 28, 2025 01:10 PM"
64.085,"Mar 28, 2025 01:05 PM"
64.0916,"Mar 28, 2025 01:00 PM"
64.105,"Mar 28, 2025 12:55 PM"
64.17,"Mar 28, 2025 12:50 PM"
64.21,"Mar 28, 2025 12:45 PM"
64.265,"Mar 28, 2025 12:40 PM"
64.23,"Mar 28, 2025 12:35 PM"
64.13,"Mar 28, 2025 12:30 PM"
64.09,"Mar 28, 2025 12:25 PM"
64.09,"Mar 28, 2025 12:20 PM"
64.03,"Mar 28, 2025 12:15 PM"
64.03,"Mar 28, 2025 12:10 PM"
64.27,"Mar 28, 2025 12:05 PM"
64.25,"Mar 28, 2025 12:00 PM"
64.24,"Mar 28, 2025 11:55 AM"
64.29,"Mar 28, 2025 11:50 AM"
64.32,"Mar 28, 2025 11:45 AM"
64.39,"Mar 28, 2025 11:40 AM"
64.54,"Mar 28, 2025 11:35 AM"
64.53,"Mar 28, 2025 11:30 AM"
64.52,"Mar 28, 2025 11:25 AM"
64.51,"Mar 28, 2025 11:20 AM"
64.46,"Mar 28, 2025 11:15 AM"
64.39,"Mar 28, 2025 11:10 AM"
64.35,"Mar 28, 2025 11:05 AM"
64.295,"Mar 28, 2025 11:00 AM"
64.325,"Mar 28, 2025 10:55 AM"
64.37,"Mar 28, 2025 10:50 AM"
64.34,"Mar 28, 2025 10:45 AM"
64.37,"Mar 28, 2025 10:40 AM"
64.28,"Mar 28, 2025 10:35 AM"
64.26,"Mar 28, 2025 10:30 AM"
64.37,"Mar 28, 2025 10:25 AM"
64.4,"Mar 28, 2025 10:20 AM"
64.26,"Mar 28, 2025 10:15 AM"
64.31,"Mar 28, 2025 10:10 AM"
64.41,"Mar 28, 2025 10:05 AM"
64.36,"Mar 28, 2025 10:00 AM"
64.32,"Mar 28, 2025 09:55 AM"
64.37,"Mar 28, 2025 09:50 AM"
64.2757,"Mar 28, 2025 09:45 AM"
64.2614,"Mar 28, 2025 09:40 AM"
64.362,"Mar 28, 2025 09:35 AM"
64.45,"Mar 28, 2025 09:30 AM"
64.57,"Mar 28, 2025 09:25 AM"
64.56,"Mar 28, 2025 09:15 AM"
64.48,"Mar 28, 2025 09:10 AM"
64.48,"Mar 28, 2025 09:05 AM"
64.3,"Mar 28, 2025 09:00 AM"
64.49,"Mar 28, 2025 08:55 AM"
64.47,"Mar 28, 2025 08:45 AM"
64.45,"Mar 28, 2025 08:40 AM"
64.47,"Mar 28, 2025 08:35 AM"
64.53,"Mar 28, 2025 08:30 AM"
64.59,"Mar 28, 2025 08:15 AM"
64.61,"Mar 28, 2025 08:10 AM"
64.65,"Mar 28, 2025 08:05 AM"
64.64,"Mar 28, 2025 08:00 AM"
64.58,"Mar 28, 2025 07:55 AM"
64.59,"Mar 28, 2025 07:50 AM"
64.6,"Mar 28, 2025 07:45 AM"
64.67,"Mar 28, 2025 07:35 AM"
64.56,"Mar 28, 2025 07:25 AM"
64.51,"Mar 28, 2025 07:20 AM"
64.46,"Mar 28, 2025 07:05 AM"
64.5,"Mar 28, 2025 07:00 AM"
64.51,"Mar 28, 2025 06:10 AM"
64.54,"Mar 28, 2025 05:50 AM"
64.66,"Mar 28, 2025 05:35 AM"
64.74,"Mar 28, 2025 05:30 AM"
64.61,"Mar 28, 2025 04:30 AM"
64.71,"Mar 28, 2025 04:25 AM"
64.8,"Mar 28, 2025 04:15 AM"
65.22,"Mar 28, 2025 04:00 AM"
65.45,"Mar 27, 2025 07:45 PM"
65.45,"Mar 27, 2025 07:40 PM"
65.45,"Mar 27, 2025 07:20 PM"
65.66,"Mar 27, 2025 07:10 PM"
65.48,"Mar 27, 2025 07:00 PM"
65.46,"Mar 27, 2025 06:50 PM"
65.4,"Mar 27, 2025 06:45 PM"
65.44,"Mar 27, 2025 06:30 PM"
65.7,"Mar 27, 2025 06:25 PM"
65.7,"Mar 27, 2025 06:20 PM"
65.4,"Mar 27, 2025 06:15 PM"
65.43,"Mar 27, 2025 06:05 PM"
65.46,"Mar 27, 2025 06:00 PM"
65.46,"Mar 27, 2025 05:45 PM"
65.2,"Mar 27, 2025 05:35 PM"
65.18,"Mar 27, 2025 04:35 PM"
65.18,"Mar 27, 2025 04:10 PM"
65.18,"Mar 27, 2025 04:05 PM"
65.47,"Mar 27, 2025 04:00 PM"
65.15,"Mar 27, 2025 03:55 PM"
65.265,"Mar 27, 2025 03:50 PM"
65.27,"Mar 27, 2025 03:45 PM"
65.19,"Mar 27, 2025 03:40 PM"
65.15,"Mar 27, 2025 03:35 PM"
65.13,"Mar 27, 2025 03:30 PM"
65.16,"Mar 27, 2025 03:25 PM"
65.14,"Mar 27, 2025 03:20 PM"
65.16,"Mar 27, 2025 03:15 PM"
65.06,"Mar 27, 2025 03:10 PM"
65.03,"Mar 27, 2025 03:05 PM"
65.0102,"Mar 27, 2025 03:00 PM"
64.96,"Mar 27, 2025 02:55 PM"
65.14,"Mar 27, 2025 02:50 PM"
65.155,"Mar 27, 2025 02:45 PM"
65.15,"Mar 27, 2025 02:40 PM"
65.19,"Mar 27, 2025 02:35 PM"
65.135,"Mar 27, 2025 02:30 PM"
65.21,"Mar 27, 2025 02:25 PM"
65.265,"Mar 27, 2025 02:20 PM"
65.32,"Mar 27, 2025 02:15 PM"
65.23,"Mar 27, 2025 02:10 PM"
65.165,"Mar 27, 2025 02:05 PM"
65.15,"Mar 27, 2025 02:00 PM"
65.085,"Mar 27, 2025 01:55 PM"
65.0807,"Mar 27, 2025 01:50 PM"
65.195,"Mar 27, 2025 01:45 PM"
65.165,"Mar 27, 2025 01:40 PM"
65.18,"Mar 27, 2025 01:35 PM"
65.14,"Mar 27, 2025 01:30 PM"
65.11,"Mar 27, 2025 01:25 PM"
65.36,"Mar 27, 2025 01:20 PM"
65.345,"Mar 27, 2025 01:15 PM"
65.31,"Mar 27, 2025 01:10 PM"
65.27,"Mar 27, 2025 01:05 PM"
65.28,"Mar 27, 2025 01:00 PM"
65.285,"Mar 27, 2025 12:55 PM"
65.35,"Mar 27, 2025 12:50 PM"
65.4494,"Mar 27, 2025 12:45 PM"
65.46,"Mar 27, 2025 12:40 PM"
65.38,"Mar 27, 2025 12:35 PM"
65.34,"Mar 27, 2025 12:30 PM"
65.3728,"Mar 27, 2025 12:25 PM"
65.38,"Mar 27, 2025 12:20 PM"
65.38,"Mar 27, 2025 12:15 PM"
65.345,"Mar 27, 2025 12:10 PM"
65.36,"Mar 27, 2025 12:05 PM"
65.4,"Mar 27, 2025 12:00 PM"
65.43,"Mar 27, 2025 11:55 AM"
65.52,"Mar 27, 2025 11:50 AM"
65.65,"Mar 27, 2025 11:45 AM"
65.64,"Mar 27, 2025 11:40 AM"
65.62,"Mar 27, 2025 11:35 AM"
65.59,"Mar 27, 2025 11:30 AM"
65.64,"Mar 27, 2025 11:25 AM"
65.625,"Mar 27, 2025 11:20 AM"
65.724,"Mar 27, 2025 11:15 AM"
65.68,"Mar 27, 2025 11:10 AM"
65.59,"Mar 27, 2025 11:05 AM"
65.53,"Mar 27, 2025 11:00 AM"
65.495,"Mar 27, 2025 10:55 AM"
65.5495,"Mar 27, 2025 10:50 AM"
65.59,"Mar 27, 2025 10:45 AM"
65.515,"Mar 27, 2025 10:40 AM"
65.44,"Mar 27, 2025 10:35 AM"
65.335,"Mar 27, 2025 10:30 AM"
65.35,"Mar 27, 2025 10:25 AM"
65.31,"Mar 27, 2025 10:20 AM"
65.33,"Mar 27, 2025 10:15 AM"
65.26,"Mar 27, 2025 10:10 AM"
65.31,"Mar 27, 2025 10:05 AM"
65.36,"Mar 27, 2025 10:00 AM"
65.3665,"Mar 27, 2025 09:55 AM"
65.24,"Mar 27, 2025 09:50 AM"
65.2,"Mar 27, 2025 09:45 AM"
65.1086,"Mar 27, 2025 09:40 AM"
65.09,"Mar 27, 2025 09:35 AM"
64.975,"Mar 27, 2025 09:30 AM"
65.13,"Mar 27, 2025 09:25 AM"
65.13,"Mar 27, 2025 09:20 AM"
65.19,"Mar 27, 2025 09:15 AM"
65.21,"Mar 27, 2025 09:10 AM"
65.27,"Mar 27, 2025 09:00 AM"
65.29,"Mar 27, 2025 08:35 AM"
65.24,"Mar 27, 2025 08:30 AM"
65.24,"Mar 27, 2025 08:20 AM"
65.23,"Mar 27, 2025 08:15 AM"
65.2,"Mar 27, 2025 08:10 AM"
65.16,"Mar 27, 2025 08:05 AM"
65.2,"Mar 27, 2025 08:00 AM"
65.07,"Mar 27, 2025 07:25 AM"
65.11,"Mar 27, 2025 07:15 AM"
65.14,"Mar 27, 2025 06:50 AM"
65.01,"Mar 27, 2025 06:20 AM"
65,"Mar 27, 2025 05:55 AM"
64.88,"Mar 27, 2025 05:45 AM"
64.91,"Mar 27, 2025 04:45 AM"
64.85,"Mar 27, 2025 04:20 AM"
64.82,"Mar 27, 2025 04:10 AM"
64.87,"Mar 27, 2025 04:00 AM"
64.87,"Mar 26, 2025 07:00 PM"
64.87,"Mar 26, 2025 06:30 PM"
65.8499,"Mar 26, 2025 06:00 PM"
65,"Mar 26, 2025 05:55 PM"
65,"Mar 26, 2025 05:50 PM"
65.12,"Mar 26, 2025 05:20 PM"
64.87,"Mar 26, 2025 05:10 PM"
65,"Mar 26, 2025 04:35 PM"
64.87,"Mar 26, 2025 04:25 PM"
64.5,"Mar 26, 2025 04:15 PM"
64.91,"Mar 26, 2025 04:10 PM"
64.87,"Mar 26, 2025 04:05 PM"
64.13,"Mar 26, 2025 04:00 PM"
64.86,"Mar 26, 2025 03:55 PM"
64.91,"Mar 26, 2025 03:50 PM"
64.96,"Mar 26, 2025 03:45 PM"
64.885,"Mar 26, 2025 03:40 PM"
64.8705,"Mar 26, 2025 03:35 PM"
64.8,"Mar 26, 2025 03:30 PM"
64.835,"Mar 26, 2025 03:25 PM"
64.945,"Mar 26, 2025 03:20 PM"
64.96,"Mar 26, 2025 03:15 PM"
64.99,"Mar 26, 2025 03:10 PM"
64.98,"Mar 26, 2025 03:05 PM"
64.96,"Mar 26, 2025 03:00 PM"
64.895,"Mar 26, 2025 02:55 PM"
64.955,"Mar 26, 2025 02:50 PM"
64.995,"Mar 26, 2025 02:45 PM"
65.04,"Mar 26, 2025 02:40 PM"
65.05,"Mar 26, 2025 02:35 PM"
65.005,"Mar 26, 2025 02:30 PM"
65.08,"Mar 26, 2025 02:25 PM"
65.0328,"Mar 26, 2025 02:20 PM"
65.06,"Mar 26, 2025 02:15 PM"
65.0799,"Mar 26, 2025 02:10 PM"
65.09,"Mar 26, 2025 02:05 PM"
65.09,"Mar 26, 2025 02:00 PM"
65.045,"Mar 26, 2025 01:55 PM"
65.02,"Mar 26, 2025 01:50 PM"
65.06,"Mar 26, 2025 01:45 PM"
65.07,"Mar 26, 2025 01:40 PM"
64.985,"Mar 26, 2025 01:35 PM"
65.11,"Mar 26, 2025 01:30 PM"
65.19,"Mar 26, 2025 01:25 PM"
65.3105,"Mar 26, 2025 01:20 PM"
65.295,"Mar 26, 2025 01:15 PM"
65.46,"Mar 26, 2025 01:10 PM"
65.4282,"Mar 26, 2025 01:05 PM"
65.4185,"Mar 26, 2025 01:00 PM"
65.42,"Mar 26, 2025 12:55 PM"
65.49,"Mar 26, 2025 12:50 PM"
65.58,"Mar 26, 2025 12:45 PM"
65.5,"Mar 26, 2025 12:40 PM"
65.415,"Mar 26, 2025 12:35 PM"
65.21,"Mar 26, 2025 12:30 PM"
65.2,"Mar 26, 2025 12:25 PM"
65.175,"Mar 26, 2025 12:20 PM"
65.19,"Mar 26, 2025 12:15 PM"
65.1394,"Mar 26, 2025 12:10 PM"
65.188,"Mar 26, 2025 12:05 PM"
65.21,"Mar 26, 2025 12:00 PM"
65.32,"Mar 26, 2025 11:55 AM"
65.42,"Mar 26, 2025 11:50 AM"
65.38,"Mar 26, 2025 11:45 AM"
65.43,"Mar 26, 2025 11:40 AM"
65.455,"Mar 26, 2025 11:35 AM"
65.37,"Mar 26, 2025 11:30 AM"
65.32,"Mar 26, 2025 11:25 AM"
65.42,"Mar 26, 2025 11:20 AM"
65.493,"Mar 26, 2025 11:15 AM"
65.54,"Mar 26, 2025 11:10 AM"
65.52,"Mar 26, 2025 11:05 AM"
65.455,"Mar 26, 2025 11:00 AM"
65.3405,"Mar 26, 2025 10:55 AM"
65.34,"Mar 26, 2025 10:50 AM"
65.26,"Mar 26, 2025 10:45 AM"
65.36,"Mar 26, 2025 10:40 AM"
65.47,"Mar 26, 2025 10:35 AM"
65.47,"Mar 26, 2025 10:30 AM"
65.42,"Mar 26, 2025 10:25 AM"
65.51,"Mar 26, 2025 10:20 AM"
65.51,"Mar 26, 2025 10:15 AM"
65.44,"Mar 26, 2025 10:10 AM"
65.42,"Mar 26, 2025 10:05 AM"
65.49,"Mar 26, 2025 10:00 AM"
65.35,"Mar 26, 2025 09:55 AM"
65.22,"Mar 26, 2025 09:50 AM"
65.185,"Mar 26, 2025 09:45 AM"
65.32,"Mar 26, 2025 09:40 AM"
65.39,"Mar 26, 2025 09:35 AM"
65.27,"Mar 26, 2025 09:30 AM"
65.11,"Mar 26, 2025 09:25 AM"
65.15,"Mar 26, 2025 09:20 AM"
65.26,"Mar 26, 2025 09:10 AM"
65.2672,"Mar 26, 2025 09:05 AM"
65.16,"Mar 26, 2025 09:00 AM"
65.26,"Mar 26, 2025 08:55 AM"
65.23,"Mar 26, 2025 08:50 AM"
65.3999,"Mar 26, 2025 08:45 AM"
65.29,"Mar 26, 2025 08:40 AM"
65.21,"Mar 26, 2025 08:35 AM"
65.09,"Mar 26, 2025 08:30 AM"
65.0983,"Mar 26, 2025 08:25 AM"
65.04,"Mar 26, 2025 08:20 AM"
65,"Mar 26, 2025 08:15 AM"
64.9,"Mar 26, 2025 08:10 AM"
64.9152,"Mar 26, 2025 08:05 AM"
64.9,"Mar 26, 2025 08:00 AM"
64.95,"Mar 26, 2025 07:55 AM"
64.99,"Mar 26, 2025 07:50 AM"
65.01,"Mar 26, 2025 07:45 AM"
65.05,"Mar 26, 2025 07:40 AM"
65.05,"Mar 26, 2025 07:35 AM"
65.06,"Mar 26, 2025 07:15 AM"
65.05,"Mar 26, 2025 07:10 AM"
65,"Mar 26, 2025 07:05 AM"
65.02,"Mar 26, 2025 07:00 AM"
65,"Mar 26, 2025 06:50 AM"
65.05,"Mar 26, 2025 06:45 AM"
65,"Mar 26, 2025 06:25 AM"
64.81,"Mar 26, 2025 06:10 AM"
64.8,"Mar 26, 2025 06:05 AM"
64.73,"Mar 26, 2025 06:00 AM"
64.75,"Mar 26, 2025 05:45 AM"
64.7,"Mar 26, 2025 05:40 AM"
64.75,"Mar 26, 2025 05:35 AM"
64.7,"Mar 26, 2025 05:15 AM"
64.45,"Mar 26, 2025 04:40 AM"
64.22,"Mar 26, 2025 04:30 AM"
64.19,"Mar 26, 2025 04:25 AM"
64.2,"Mar 26, 2025 04:20 AM"
64.1,"Mar 26, 2025 04:15 AM"
64.37,"Mar 26, 2025 04:00 AM"
63.56,"Mar 25, 2025 07:40 PM"
63.55,"Mar 25, 2025 07:05 PM"
63.52,"Mar 25, 2025 07:00 PM"
63.88,"Mar 25, 2025 06:45 PM"
63.52,"Mar 25, 2025 06:30 PM"
63.51,"Mar 25, 2025 06:25 PM"
63.5,"Mar 25, 2025 05:30 PM"
63.5,"Mar 25, 2025 05:25 PM"
63.85,"Mar 25, 2025 05:20 PM"
63.52,"Mar 25, 2025 05:10 PM"
63.5,"Mar 25, 2025 04:35 PM"
63.5,"Mar 25, 2025 04:30 PM"
63.52,"Mar 25, 2025 04:25 PM"
63.52,"Mar 25, 2025 04:10 PM"
63.52,"Mar 25, 2025 04:05 PM"
63.52,"Mar 25, 2025 04:00 PM"
63.57,"Mar 25, 2025 03:55 PM"
63.46,"Mar 25, 2025 03:50 PM"
63.56,"Mar 25, 2025 03:45 PM"
63.5637,"Mar 25, 2025 03:40 PM"
63.455,"Mar 25, 2025 03:35 PM"
63.51,"Mar 25, 2025 03:30 PM"
63.45,"Mar 25, 2025 03:25 PM"
63.45,"Mar 25, 2025 03:20 PM"
63.46,"Mar 25, 2025 03:15 PM"
63.4683,"Mar 25, 2025 03:10 PM"
63.45,"Mar 25, 2025 03:05 PM"
63.43,"Mar 25, 2025 03:00 PM"
63.35,"Mar 25, 2025 02:55 PM"
63.358,"Mar 25, 2025 02:50 PM"
63.3,"Mar 25, 2025 02:45 PM"
63.24,"Mar 25, 2025 02:40 PM"
63.21,"Mar 25, 2025 02:35 PM"
63.21,"Mar 25, 2025 02:30 PM"
63.26,"Mar 25, 2025 02:25 PM"
63.18,"Mar 25, 2025 02:20 PM"
63.145,"Mar 25, 2025 02:15 PM"
63.19,"Mar 25, 2025 02:10 PM"
63.16,"Mar 25, 2025 02:05 PM"
63.18,"Mar 25, 2025 02:00 PM"
63.165,"Mar 25, 2025 01:55 PM"
63.2,"Mar 25, 2025 01:50 PM"
63.2,"Mar 25, 2025 01:45 PM"
63.255,"Mar 25, 2025 01:40 PM"
63.24,"Mar 25, 2025 01:35 PM"
63.2373,"Mar 25, 2025 01:30 PM"
63.25,"Mar 25, 2025 01:25 PM"
63.19,"Mar 25, 2025 01:20 PM"
63.315,"Mar 25, 2025 01:15 PM"
63.335,"Mar 25, 2025 01:10 PM"
63.37,"Mar 25, 2025 01:05 PM"
63.3485,"Mar 25, 2025 01:00 PM"
63.2725,"Mar 25, 2025 12:55 PM"
63.22,"Mar 25, 2025 12:50 PM"
63.28,"Mar 25, 2025 12:45 PM"
63.26,"Mar 25, 2025 12:40 PM"
63.26,"Mar 25, 2025 12:35 PM"
63.36,"Mar 25, 2025 12:30 PM"
63.29,"Mar 25, 2025 12:25 PM"
63.24,"Mar 25, 2025 12:20 PM"
63.12,"Mar 25, 2025 12:15 PM"
63.22,"Mar 25, 2025 12:10 PM"
63.28,"Mar 25, 2025 12:05 PM"
63.25,"Mar 25, 2025 12:00 PM"
63.235,"Mar 25, 2025 11:55 AM"
63.25,"Mar 25, 2025 11:50 AM"
63.24,"Mar 25, 2025 11:45 AM"
63.295,"Mar 25, 2025 11:40 AM"
63.3058,"Mar 25, 2025 11:35 AM"
63.33,"Mar 25, 2025 11:30 AM"
63.42,"Mar 25, 2025 11:25 AM"
63.3721,"Mar 25, 2025 11:20 AM"
63.36,"Mar 25, 2025 11:15 AM"
63.47,"Mar 25, 2025 11:10 AM"
63.39,"Mar 25, 2025 11:05 AM"
63.43,"Mar 25, 2025 11:00 AM"
63.51,"Mar 25, 2025 10:55 AM"
63.63,"Mar 25, 2025 10:50 AM"
63.88,"Mar 25, 2025 10:45 AM"
63.97,"Mar 25, 2025 10:40 AM"
64.04,"Mar 25, 2025 10:35 AM"
63.9544,"Mar 25, 2025 10:30 AM"
63.98,"Mar 25, 2025 10:25 AM"
63.97,"Mar 25, 2025 10:20 AM"
63.85,"Mar 25, 2025 10:15 AM"
63.855,"Mar 25, 2025 10:10 AM"
63.76,"Mar 25, 2025 10:05 AM"
63.73,"Mar 25, 2025 10:00 AM"
63.7,"Mar 25, 2025 09:55 AM"
63.64,"Mar 25, 2025 09:50 AM"
63.6998,"Mar 25, 2025 09:45 AM"
63.555,"Mar 25, 2025 09:40 AM"
63.56,"Mar 25, 2025 09:35 AM"
63.5659,"Mar 25, 2025 09:30 AM"
63.39,"Mar 25, 2025 09:00 AM"
63.41,"Mar 25, 2025 08:55 AM"
63.51,"Mar 25, 2025 08:50 AM"
63.48,"Mar 25, 2025 08:40 AM"
63.47,"Mar 25, 2025 08:30 AM"
63.5,"Mar 25, 2025 08:25 AM"
63.48,"Mar 25, 2025 08:00 AM"
63.47,"Mar 25, 2025 07:55 AM"
63.4,"Mar 25, 2025 07:40 AM"
63.39,"Mar 25, 2025 07:30 AM"
63.36,"Mar 25, 2025 07:15 AM"
63.35,"Mar 25, 2025 07:10 AM"
63.1,"Mar 25, 2025 07:05 AM"
63.3,"Mar 25, 2025 07:00 AM"
63.31,"Mar 25, 2025 06:55 AM"
63.88,"Mar 25, 2025 06:45 AM"
62.12,"Mar 25, 2025 06:25 AM"
61.65,"Mar 25, 2025 04:45 AM"
62.95,"Mar 25, 2025 04:05 AM"
63.02,"Mar 25, 2025 04:00 AM"
62.1373,"Mar 24, 2025 07:00 PM"
62.4531,"Mar 24, 2025 06:45 PM"
62.1373,"Mar 24, 2025 06:30 PM"
62.236,"Mar 24, 2025 06:00 PM"
62.2964,"Mar 24, 2025 05:35 PM"
62.1471,"Mar 24, 2025 05:20 PM"
62.1373,"Mar 24, 2025 05:10 PM"
62.2261,"Mar 24, 2025 05:00 PM"
62.236,"Mar 24, 2025 04:50 PM"
62.1373,"Mar 24, 2025 04:10 PM"
62.236,"Mar 24, 2025 04:05 PM"
62.1373,"Mar 24, 2025 04:00 PM"
62.1471,"Mar 24, 2025 03:55 PM"
62.2656,"Mar 24, 2025 03:50 PM"
62.3149,"Mar 24, 2025 03:45 PM"
62.2113,"Mar 24, 2025 03:40 PM"
62.2261,"Mar 24, 2025 03:35 PM"
62.2054,"Mar 24, 2025 03:30 PM"
62.1373,"Mar 24, 2025 03:25 PM"
62.1975,"Mar 24, 2025 03:20 PM"
62.2163,"Mar 24, 2025 03:15 PM"
62.157,"Mar 24, 2025 03:10 PM"
62.1471,"Mar 24, 2025 03:05 PM"
62.157,"Mar 24, 2025 03:00 PM"
62.0928,"Mar 24, 2025 02:55 PM"
62.1126,"Mar 24, 2025 02:50 PM"
62.1076,"Mar 24, 2025 02:45 PM"
62.0237,"Mar 24, 2025 02:40 PM"
61.9596,"Mar 24, 2025 02:35 PM"
61.9398,"Mar 24, 2025 02:30 PM"
61.9645,"Mar 24, 2025 02:25 PM"
61.9497,"Mar 24, 2025 02:20 PM"
61.9793,"Mar 24, 2025 02:15 PM"
61.9546,"Mar 24, 2025 02:10 PM"
61.9694,"Mar 24, 2025 02:05 PM"
61.9102,"Mar 24, 2025 02:00 PM"
61.9645,"Mar 24, 2025 01:55 PM"
61.9694,"Mar 24, 2025 01:50 PM"
61.9645,"Mar 24, 2025 01:45 PM"
61.9694,"Mar 24, 2025 01:40 PM"
61.9941,"Mar 24, 2025 01:35 PM"
61.9694,"Mar 24, 2025 01:30 PM"
61.9819,"Mar 24, 2025 01:25 PM"
61.9201,"Mar 24, 2025 01:20 PM"
61.93,"Mar 24, 2025 01:15 PM"
61.9744,"Mar 24, 2025 01:10 PM"
61.9793,"Mar 24, 2025 01:05 PM"
61.9793,"Mar 24, 2025 01:00 PM"
61.9694,"Mar 24, 2025 12:55 PM"
61.9003,"Mar 24, 2025 12:50 PM"
61.8707,"Mar 24, 2025 12:45 PM"
61.9102,"Mar 24, 2025 12:40 PM"
62.0188,"Mar 24, 2025 12:35 PM"
61.9497,"Mar 24, 2025 12:30 PM"
61.9497,"Mar 24, 2025 12:25 PM"
62.0296,"Mar 24, 2025 12:20 PM"
61.9843,"Mar 24, 2025 12:15 PM"
62.0089,"Mar 24, 2025 12:10 PM"
62.1471,"Mar 24, 2025 12:05 PM"
62.1076,"Mar 24, 2025 12:00 PM"
62.1521,"Mar 24, 2025 11:55 AM"
62.1027,"Mar 24, 2025 11:50 AM"
62.0583,"Mar 24, 2025 11:45 AM"
62.1471,"Mar 24, 2025 11:40 AM"
62.1619,"Mar 24, 2025 11:35 AM"
62.1373,"Mar 24, 2025 11:30 AM"
62.0583,"Mar 24, 2025 11:25 AM"
62.1175,"Mar 24, 2025 11:20 AM"
62.1471,"Mar 24, 2025 11:15 AM"
62.0781,"Mar 24, 2025 11:10 AM"
62.157,"Mar 24, 2025 11:05 AM"
62.1817,"Mar 24, 2025 11:00 AM"
62.2212,"Mar 24, 2025 10:55 AM"
62.2557,"Mar 24, 2025 10:50 AM"
62.1718,"Mar 24, 2025 10:45 AM"
62.1274,"Mar 24, 2025 10:40 AM"
62.1639,"Mar 24, 2025 10:35 AM"
62.0879,"Mar 24, 2025 10:30 AM"
62.1373,"Mar 24, 2025 10:25 AM"
62.2952,"Mar 24, 2025 10:20 AM"
62.3347,"Mar 24, 2025 10:15 AM"
62.3248,"Mar 24, 2025 10:10 AM"
62.3149,"Mar 24, 2025 10:05 AM"
62.231,"Mar 24, 2025 10:00 AM"
62.1373,"Mar 24, 2025 09:55 AM"
62.1817,"Mar 24, 2025 09:50 AM"
62.2557,"Mar 24, 2025 09:45 AM"
62.3445,"Mar 24, 2025 09:40 AM"
62.236,"Mar 24, 2025 09:35 AM"
62.3533,"Mar 24, 2025 09:30 AM"
62.157,"Mar 24, 2025 09:25 AM"
61.9991,"Mar 24, 2025 09:15 AM"
62.0484,"Mar 24, 2025 09:10 AM"
62.1767,"Mar 24, 2025 09:00 AM"
62.2853,"Mar 24, 2025 08:50 AM"
62.2853,"Mar 24, 2025 08:40 AM"
62.2557,"Mar 24, 2025 08:35 AM"
62.3643,"Mar 24, 2025 08:30 AM"
62.2853,"Mar 24, 2025 08:20 AM"
62.3445,"Mar 24, 2025 08:15 AM"
62.3445,"Mar 24, 2025 08:10 AM"
62.3445,"Mar 24, 2025 08:00 AM"
62.3445,"Mar 24, 2025 07:55 AM"
62.6308,"Mar 24, 2025 07:10 AM"
62.6308,"Mar 24, 2025 07:05 AM"
62.6111,"Mar 24, 2025 05:55 AM"
62.6308,"Mar 24, 2025 04:30 AM"
62.7098,"Mar 24, 2025 04:00 AM"
62.542,"Mar 21, 2025 07:00 PM"
62.542,"Mar 21, 2025 06:30 PM"
62.5518,"Mar 21, 2025 06:20 PM"
62.7789,"Mar 21, 2025 06:00 PM"
62.769,"Mar 21, 2025 05:50 PM"
62.7788,"Mar 21, 2025 05:40 PM"
62.542,"Mar 21, 2025 04:15 PM"
62.542,"Mar 21, 2025 04:10 PM"
62.542,"Mar 21, 2025 04:05 PM"
62.542,"Mar 21, 2025 04:00 PM"
62.5123,"Mar 21, 2025 03:55 PM"
62.4926,"Mar 21, 2025 03:50 PM"
62.5864,"Mar 21, 2025 03:45 PM"
62.5716,"Mar 21, 2025 03:40 PM"
62.4877,"Mar 21, 2025 03:35 PM"
62.4778,"Mar 21, 2025 03:30 PM"
62.5123,"Mar 21, 2025 03:25 PM"
62.542,"Mar 21, 2025 03:20 PM"
62.5025,"Mar 21, 2025 03:15 PM"
62.5025,"Mar 21, 2025 03:10 PM"
62.5518,"Mar 21, 2025 03:05 PM"
62.4975,"Mar 21, 2025 03:00 PM"
62.4482,"Mar 21, 2025 02:55 PM"
62.4235,"Mar 21, 2025 02:50 PM"
62.384,"Mar 21, 2025 02:45 PM"
62.4186,"Mar 21, 2025 02:40 PM"
62.4334,"Mar 21, 2025 02:35 PM"
62.4531,"Mar 21, 2025 02:30 PM"
62.4531,"Mar 21, 2025 02:25 PM"
62.4316,"Mar 21, 2025 02:20 PM"
62.4432,"Mar 21, 2025 02:15 PM"
62.4496,"Mar 21, 2025 02:10 PM"
62.463,"Mar 21, 2025 02:05 PM"
62.4778,"Mar 21, 2025 02:00 PM"
62.4729,"Mar 21, 2025 01:55 PM"
62.5814,"Mar 21, 2025 01:50 PM"
62.6199,"Mar 21, 2025 01:45 PM"
62.6112,"Mar 21, 2025 01:40 PM"
62.5025,"Mar 21, 2025 01:35 PM"
62.4531,"Mar 21, 2025 01:30 PM"
62.4827,"Mar 21, 2025 01:25 PM"
62.5074,"Mar 21, 2025 01:20 PM"
62.4432,"Mar 21, 2025 01:15 PM"
62.4334,"Mar 21, 2025 01:10 PM"
62.4778,"Mar 21, 2025 01:05 PM"
62.5025,"Mar 21, 2025 01:00 PM"
62.5181,"Mar 21, 2025 12:55 PM"
62.4926,"Mar 21, 2025 12:50 PM"
62.5222,"Mar 21, 2025 12:45 PM"
62.4284,"Mar 21, 2025 12:40 PM"
62.4334,"Mar 21, 2025 12:35 PM"
62.5025,"Mar 21, 2025 12:30 PM"
62.537,"Mar 21, 2025 12:25 PM"
62.4877,"Mar 21, 2025 12:20 PM"
62.4531,"Mar 21, 2025 12:15 PM"
62.4136,"Mar 21, 2025 12:10 PM"
62.4383,"Mar 21, 2025 12:05 PM"
62.3347,"Mar 21, 2025 12:00 PM"
62.3149,"Mar 21, 2025 11:55 AM"
62.2656,"Mar 21, 2025 11:50 AM"
62.384,"Mar 21, 2025 11:45 AM"
62.384,"Mar 21, 2025 11:40 AM"
62.3939,"Mar 21, 2025 11:35 AM"
62.4136,"Mar 21, 2025 11:30 AM"
62.3939,"Mar 21, 2025 11:25 AM"
62.4926,"Mar 21, 2025 11:20 AM"
62.6505,"Mar 21, 2025 11:15 AM"
62.5518,"Mar 21, 2025 11:10 AM"
62.6555,"Mar 21, 2025 11:05 AM"
62.7443,"Mar 21, 2025 11:00 AM"
62.7986,"Mar 21, 2025 10:55 AM"
62.8578,"Mar 21, 2025 10:50 AM"
62.7295,"Mar 21, 2025 10:45 AM"
62.7591,"Mar 21, 2025 10:40 AM"
62.5814,"Mar 21, 2025 10:35 AM"
62.5617,"Mar 21, 2025 10:30 AM"
62.4827,"Mar 21, 2025 10:25 AM"
62.4531,"Mar 21, 2025 10:20 AM"
62.4679,"Mar 21, 2025 10:15 AM"
62.4679,"Mar 21, 2025 10:10 AM"
62.4679,"Mar 21, 2025 10:05 AM"
62.5123,"Mar 21, 2025 10:00 AM"
62.5518,"Mar 21, 2025 09:55 AM"
62.4975,"Mar 21, 2025 09:50 AM"
62.5617,"Mar 21, 2025 09:45 AM"
62.6999,"Mar 21, 2025 09:40 AM"
62.6209,"Mar 21, 2025 09:35 AM"
62.6259,"Mar 21, 2025 09:30 AM"
62.6111,"Mar 21, 2025 09:20 AM"
62.6111,"Mar 21, 2025 09:05 AM"
62.6309,"Mar 21, 2025 08:40 AM"
62.7789,"Mar 21, 2025 08:30 AM"
62.7986,"Mar 21, 2025 08:10 AM"
62.8085,"Mar 21, 2025 08:05 AM"
63.2329,"Mar 21, 2025 08:00 AM"
62.6802,"Mar 21, 2025 07:10 AM"
62.8085,"Mar 21, 2025 06:45 AM"
62.8085,"Mar 21, 2025 04:15 AM"
62.8085,"Mar 21, 2025 04:10 AM"
63.2329,"Mar 20, 2025 07:00 PM"
62.0316,"Mar 20, 2025 06:45 PM"
63.2329,"Mar 20, 2025 06:30 PM"
62.4334,"Mar 20, 2025 04:50 PM"
63.2329,"Mar 20, 2025 04:10 PM"
63.3369,"Mar 20, 2025 04:05 PM"
63.371,"Mar 20, 2025 04:00 PM"
63.2428,"Mar 20, 2025 03:55 PM"
63.228,"Mar 20, 2025 03:50 PM"
63.2724,"Mar 20, 2025 03:45 PM"
63.2823,"Mar 20, 2025 03:40 PM"
63.2625,"Mar 20, 2025 03:35 PM"
63.1878,"Mar 20, 2025 03:30 PM"
63.1441,"Mar 20, 2025 03:25 PM"
63.1934,"Mar 20, 2025 03:20 PM"
63.0947,"Mar 20, 2025 03:15 PM"
63.0355,"Mar 20, 2025 03:10 PM"
63.0207,"Mar 20, 2025 03:05 PM"
63.0158,"Mar 20, 2025 03:00 PM"
62.9713,"Mar 20, 2025 02:55 PM"
62.996,"Mar 20, 2025 02:50 PM"
62.9286,"Mar 20, 2025 02:45 PM"
62.9121,"Mar 20, 2025 02:40 PM"
62.8874,"Mar 20, 2025 02:35 PM"
62.848,"Mar 20, 2025 02:30 PM"
62.8873,"Mar 20, 2025 02:25 PM"
62.9565,"Mar 20, 2025 02:20 PM"
63.0158,"Mar 20, 2025 02:15 PM"
62.9763,"Mar 20, 2025 02:10 PM"
62.9763,"Mar 20, 2025 02:05 PM"
62.9861,"Mar 20, 2025 02:00 PM"
62.9812,"Mar 20, 2025 01:55 PM"
63.0355,"Mar 20, 2025 01:50 PM"
63.0059,"Mar 20, 2025 01:45 PM"
62.996,"Mar 20, 2025 01:40 PM"
62.9919,"Mar 20, 2025 01:35 PM"
62.9467,"Mar 20, 2025 01:30 PM"
62.9269,"Mar 20, 2025 01:25 PM"
62.9861,"Mar 20, 2025 01:20 PM"
62.996,"Mar 20, 2025 01:15 PM"
62.9812,"Mar 20, 2025 01:10 PM"
62.9763,"Mar 20, 2025 01:05 PM"
62.9565,"Mar 20, 2025 01:00 PM"
62.9072,"Mar 20, 2025 12:55 PM"
62.9467,"Mar 20, 2025 12:50 PM"
63.0158,"Mar 20, 2025 12:45 PM"
63.0158,"Mar 20, 2025 12:40 PM"
63.0552,"Mar 20, 2025 12:35 PM"
63.0158,"Mar 20, 2025 12:30 PM"
63.0256,"Mar 20, 2025 12:25 PM"
63.0158,"Mar 20, 2025 12:20 PM"
63.0355,"Mar 20, 2025 12:15 PM"
63.0699,"Mar 20, 2025 12:10 PM"
63.0158,"Mar 20, 2025 12:05 PM"
63.0503,"Mar 20, 2025 12:00 PM"
62.9565,"Mar 20, 2025 11:55 AM"
62.9812,"Mar 20, 2025 11:50 AM"
62.9171,"Mar 20, 2025 11:45 AM"
62.9319,"Mar 20, 2025 11:40 AM"
62.8677,"Mar 20, 2025 11:35 AM"
62.7986,"Mar 20, 2025 11:30 AM"
62.8339,"Mar 20, 2025 11:25 AM"
62.848,"Mar 20, 2025 11:20 AM"
62.8776,"Mar 20, 2025 11:15 AM"
62.9171,"Mar 20, 2025 11:10 AM"
62.9171,"Mar 20, 2025 11:05 AM"
62.9171,"Mar 20, 2025 11:00 AM"
62.8282,"Mar 20, 2025 10:55 AM"
62.7789,"Mar 20, 2025 10:50 AM"
62.769,"Mar 20, 2025 10:45 AM"
62.7684,"Mar 20, 2025 10:40 AM"
62.7295,"Mar 20, 2025 10:35 AM"
62.6802,"Mar 20, 2025 10:30 AM"
62.7098,"Mar 20, 2025 10:25 AM"
62.7591,"Mar 20, 2025 10:20 AM"
62.8529,"Mar 20, 2025 10:15 AM"
62.8924,"Mar 20, 2025 10:10 AM"
62.8628,"Mar 20, 2025 10:05 AM"
62.7739,"Mar 20, 2025 10:00 AM"
62.7098,"Mar 20, 2025 09:55 AM"
62.6802,"Mar 20, 2025 09:50 AM"
62.6604,"Mar 20, 2025 09:45 AM"
62.5321,"Mar 20, 2025 09:40 AM"
62.5518,"Mar 20, 2025 09:35 AM"
62.4482,"Mar 20, 2025 09:30 AM"
62.4729,"Mar 20, 2025 09:25 AM"
62.5913,"Mar 20, 2025 09:15 AM"
62.6111,"Mar 20, 2025 09:10 AM"
62.6111,"Mar 20, 2025 09:05 AM"
62.7295,"Mar 20, 2025 09:00 AM"
62.8381,"Mar 20, 2025 08:50 AM"
62.7295,"Mar 20, 2025 08:45 AM"
62.69,"Mar 20, 2025 08:35 AM"
62.6802,"Mar 20, 2025 08:30 AM"
62.7196,"Mar 20, 2025 08:25 AM"
63.4205,"Mar 20, 2025 08:00 AM"
62.769,"Mar 20, 2025 07:50 AM"
62.6999,"Mar 20, 2025 07:35 AM"
62.6505,"Mar 20, 2025 07:30 AM"
62.7394,"Mar 20, 2025 07:20 AM"
62.769,"Mar 20, 2025 07:15 AM"
62.8776,"Mar 20, 2025 07:05 AM"
62.8874,"Mar 20, 2025 06:45 AM"
62.7591,"Mar 20, 2025 06:35 AM"
62.7887,"Mar 20, 2025 06:30 AM"
62.7591,"Mar 20, 2025 06:20 AM"
62.7986,"Mar 20, 2025 06:10 AM"
62.9368,"Mar 20, 2025 06:05 AM"
63.0059,"Mar 20, 2025 06:00 AM"
63.1145,"Mar 20, 2025 05:40 AM"
63.2527,"Mar 20, 2025 05:15 AM"
63.3514,"Mar 20, 2025 05:10 AM"
63.4205,"Mar 20, 2025 05:00 AM"
63.4501,"Mar 20, 2025 04:55 AM"
63.6574,"Mar 20, 2025 04:35 AM"
63.7659,"Mar 20, 2025 04:30 AM"
63.7166,"Mar 20, 2025 04:10 AM"
63.6179,"Mar 20, 2025 04:05 AM"
63.4698,"Mar 20, 2025 04:00 AM"
63.4205,"Mar 19, 2025 07:00 PM"
63.4205,"Mar 19, 2025 06:30 PM"
62.1545,"Mar 19, 2025 04:55 PM"
63.4205,"Mar 19, 2025 04:35 PM"
63.6157,"Mar 19, 2025 04:30 PM"
63.4205,"Mar 19, 2025 04:10 PM"
63.4205,"Mar 19, 2025 04:05 PM"
63.4698,"Mar 19, 2025 04:00 PM"
63.3612,"Mar 19, 2025 03:55 PM"
63.312,"Mar 19, 2025 03:50 PM"
63.352,"Mar 19, 2025 03:45 PM"
63.3743,"Mar 19, 2025 03:40 PM"
63.3415,"Mar 19, 2025 03:35 PM"
63.3514,"Mar 19, 2025 03:30 PM"
63.2921,"Mar 19, 2025 03:25 PM"
63.3514,"Mar 19, 2025 03:20 PM"
63.3563,"Mar 19, 2025 03:15 PM"
63.4155,"Mar 19, 2025 03:10 PM"
63.3516,"Mar 19, 2025 03:05 PM"
63.3316,"Mar 19, 2025 03:00 PM"
63.3316,"Mar 19, 2025 02:55 PM"
63.2773,"Mar 19, 2025 02:50 PM"
63.2625,"Mar 19, 2025 02:45 PM"
63.302,"Mar 19, 2025 02:40 PM"
63.1984,"Mar 19, 2025 02:35 PM"
63.1934,"Mar 19, 2025 02:30 PM"
63.0849,"Mar 19, 2025 02:25 PM"
63.154,"Mar 19, 2025 02:20 PM"
63.154,"Mar 19, 2025 02:15 PM"
63.154,"Mar 19, 2025 02:10 PM"
63.0651,"Mar 19, 2025 02:05 PM"
63.0849,"Mar 19, 2025 02:00 PM"
63.0306,"Mar 19, 2025 01:55 PM"
63.1095,"Mar 19, 2025 01:50 PM"
63.1243,"Mar 19, 2025 01:45 PM"
63.228,"Mar 19, 2025 01:40 PM"
63.1728,"Mar 19, 2025 01:35 PM"
63.1461,"Mar 19, 2025 01:30 PM"
63.1046,"Mar 19, 2025 01:25 PM"
63.0651,"Mar 19, 2025 01:20 PM"
63.1441,"Mar 19, 2025 01:15 PM"
63.1737,"Mar 19, 2025 01:10 PM"
63.1934,"Mar 19, 2025 01:05 PM"
63.1847,"Mar 19, 2025 01:00 PM"
63.2033,"Mar 19, 2025 12:55 PM"
63.2921,"Mar 19, 2025 12:50 PM"
63.2823,"Mar 19, 2025 12:45 PM"
63.223,"Mar 19, 2025 12:40 PM"
63.154,"Mar 19, 2025 12:35 PM"
63.0849,"Mar 19, 2025 12:30 PM"
63.0355,"Mar 19, 2025 12:25 PM"
63.0651,"Mar 19, 2025 12:20 PM"
63.0503,"Mar 19, 2025 12:15 PM"
63.0849,"Mar 19, 2025 12:10 PM"
63.0503,"Mar 19, 2025 12:05 PM"
63.0651,"Mar 19, 2025 12:00 PM"
63.0651,"Mar 19, 2025 11:55 AM"
63.0651,"Mar 19, 2025 11:50 AM"
63.0548,"Mar 19, 2025 11:45 AM"
63.0256,"Mar 19, 2025 11:40 AM"
63.0256,"Mar 19, 2025 11:35 AM"
63.0503,"Mar 19, 2025 11:30 AM"
63.1541,"Mar 19, 2025 11:25 AM"
63.1638,"Mar 19, 2025 11:20 AM"
63.1391,"Mar 19, 2025 11:15 AM"
63.1836,"Mar 19, 2025 11:10 AM"
63.1125,"Mar 19, 2025 11:05 AM"
63.0914,"Mar 19, 2025 11:00 AM"
63.0651,"Mar 19, 2025 10:55 AM"
63.0651,"Mar 19, 2025 10:50 AM"
63.1046,"Mar 19, 2025 10:45 AM"
63.0849,"Mar 19, 2025 10:40 AM"
63.075,"Mar 19, 2025 10:35 AM"
63.0849,"Mar 19, 2025 10:30 AM"
63.0355,"Mar 19, 2025 10:25 AM"
63.0552,"Mar 19, 2025 10:20 AM"
62.9763,"Mar 19, 2025 10:15 AM"
62.8874,"Mar 19, 2025 10:10 AM"
62.8924,"Mar 19, 2025 10:05 AM"
62.9565,"Mar 19, 2025 10:00 AM"
63.0355,"Mar 19, 2025 09:55 AM"
63.0059,"Mar 19, 2025 09:50 AM"
62.8183,"Mar 19, 2025 09:45 AM"
62.8282,"Mar 19, 2025 09:40 AM"
62.7986,"Mar 19, 2025 09:35 AM"
62.8282,"Mar 19, 2025 09:30 AM"
62.8874,"Mar 19, 2025 09:25 AM"
62.848,"Mar 19, 2025 09:20 AM"
62.8578,"Mar 19, 2025 09:15 AM"
62.8677,"Mar 19, 2025 09:10 AM"
62.8674,"Mar 19, 2025 09:05 AM"
62.8575,"Mar 19, 2025 09:00 AM"
62.8869,"Mar 19, 2025 08:50 AM"
62.8578,"Mar 19, 2025 08:45 AM"
62.8381,"Mar 19, 2025 08:40 AM"
62.769,"Mar 19, 2025 08:35 AM"
62.769,"Mar 19, 2025 08:30 AM"
62.6703,"Mar 19, 2025 08:25 AM"
62.6703,"Mar 19, 2025 08:15 AM"
62.6505,"Mar 19, 2025 08:10 AM"
62.6604,"Mar 19, 2025 08:05 AM"
62.5123,"Mar 19, 2025 08:00 AM"
62.6407,"Mar 19, 2025 07:55 AM"
62.6111,"Mar 19, 2025 07:45 AM"
62.6802,"Mar 19, 2025 07:40 AM"
62.6012,"Mar 19, 2025 07:35 AM"
62.5025,"Mar 19, 2025 07:20 AM"
62.5321,"Mar 19, 2025 07:15 AM"
62.5814,"Mar 19, 2025 06:50 AM"
62.6111,"Mar 19, 2025 05:05 AM"
62.6802,"Mar 19, 2025 05:00 AM"
62.6802,"Mar 19, 2025 04:50 AM"
62.6703,"Mar 19, 2025 04:45 AM"
62.6407,"Mar 19, 2025 04:40 AM"
62.6308,"Mar 19, 2025 04:35 AM"
62.463,"Mar 19, 2025 04:00 AM"
62.7196,"Mar 18, 2025 07:50 PM"
62.7196,"Mar 18, 2025 07:20 PM"
61.8214,"Mar 18, 2025 07:15 PM"
62.5123,"Mar 18, 2025 07:00 PM"
62.694,"Mar 18, 2025 06:50 PM"
62.5123,"Mar 18, 2025 06:30 PM"
62.6209,"Mar 18, 2025 06:25 PM"
62.5123,"Mar 18, 2025 06:15 PM"
62.6111,"Mar 18, 2025 06:05 PM"
62.694,"Mar 18, 2025 06:00 PM"
62.384,"Mar 18, 2025 05:20 PM"
62.1866,"Mar 18, 2025 05:00 PM"
62.5123,"Mar 18, 2025 04:10 PM"
62.7295,"Mar 18, 2025 04:05 PM"
62.5123,"Mar 18, 2025 04:00 PM"
62.542,"Mar 18, 2025 03:55 PM"
62.5173,"Mar 18, 2025 03:50 PM"
62.4827,"Mar 18, 2025 03:45 PM"
62.4827,"Mar 18, 2025 03:40 PM"
62.5074,"Mar 18, 2025 03:35 PM"
62.5074,"Mar 18, 2025 03:30 PM"
62.4531,"Mar 18, 2025 03:25 PM"
62.4827,"Mar 18, 2025 03:20 PM"
62.4537,"Mar 18, 2025 03:15 PM"
62.4432,"Mar 18, 2025 03:10 PM"
62.463,"Mar 18, 2025 03:05 PM"
62.4136,"Mar 18, 2025 03:00 PM"
62.4284,"Mar 18, 2025 02:55 PM"
62.4432,"Mar 18, 2025 02:50 PM"
62.4334,"Mar 18, 2025 02:45 PM"
62.4038,"Mar 18, 2025 02:40 PM"
62.4235,"Mar 18, 2025 02:35 PM"
62.384,"Mar 18, 2025 02:30 PM"
62.3742,"Mar 18, 2025 02:25 PM"
62.4136,"Mar 18, 2025 02:20 PM"
62.3939,"Mar 18, 2025 02:15 PM"
62.3643,"Mar 18, 2025 02:10 PM"
62.4827,"Mar 18, 2025 02:05 PM"
62.4136,"Mar 18, 2025 02:00 PM"
62.4364,"Mar 18, 2025 01:55 PM"
62.4531,"Mar 18, 2025 01:50 PM"
62.3939,"Mar 18, 2025 01:45 PM"
62.3358,"Mar 18, 2025 01:40 PM"
62.4026,"Mar 18, 2025 01:35 PM"
62.3712,"Mar 18, 2025 01:30 PM"
62.2853,"Mar 18, 2025 01:25 PM"
62.4038,"Mar 18, 2025 01:20 PM"
62.2754,"Mar 18, 2025 01:15 PM"
62.3291,"Mar 18, 2025 01:10 PM"
62.3149,"Mar 18, 2025 01:05 PM"
62.3347,"Mar 18, 2025 01:00 PM"
62.3149,"Mar 18, 2025 12:55 PM"
62.3544,"Mar 18, 2025 12:50 PM"
62.4038,"Mar 18, 2025 12:45 PM"
62.4975,"Mar 18, 2025 12:40 PM"
62.5814,"Mar 18, 2025 12:35 PM"
62.4926,"Mar 18, 2025 12:30 PM"
62.544,"Mar 18, 2025 12:25 PM"
62.5568,"Mar 18, 2025 12:20 PM"
62.5765,"Mar 18, 2025 12:15 PM"
62.6259,"Mar 18, 2025 12:10 PM"
62.5716,"Mar 18, 2025 12:05 PM"
62.5469,"Mar 18, 2025 12:00 PM"
62.5716,"Mar 18, 2025 11:55 AM"
62.6012,"Mar 18, 2025 11:50 AM"
62.6111,"Mar 18, 2025 11:45 AM"
62.7295,"Mar 18, 2025 11:40 AM"
62.7098,"Mar 18, 2025 11:35 AM"
62.6505,"Mar 18, 2025 11:30 AM"
62.6505,"Mar 18, 2025 11:25 AM"
62.6407,"Mar 18, 2025 11:20 AM"
62.629,"Mar 18, 2025 11:15 AM"
62.5814,"Mar 18, 2025 11:10 AM"
62.6209,"Mar 18, 2025 11:05 AM"
62.6653,"Mar 18, 2025 11:00 AM"
62.6703,"Mar 18, 2025 10:55 AM"
62.6229,"Mar 18, 2025 10:50 AM"
62.5913,"Mar 18, 2025 10:45 AM"
62.5321,"Mar 18, 2025 10:40 AM"
62.5133,"Mar 18, 2025 10:35 AM"
62.463,"Mar 18, 2025 10:30 AM"
62.5321,"Mar 18, 2025 10:25 AM"
62.5222,"Mar 18, 2025 10:20 AM"
62.5025,"Mar 18, 2025 10:15 AM"
62.542,"Mar 18, 2025 10:10 AM"
62.5272,"Mar 18, 2025 10:05 AM"
62.5321,"Mar 18, 2025 10:00 AM"
62.542,"Mar 18, 2025 09:55 AM"
62.5814,"Mar 18, 2025 09:50 AM"
62.5518,"Mar 18, 2025 09:45 AM"
62.4926,"Mar 18, 2025 09:40 AM"
62.5025,"Mar 18, 2025 09:35 AM"
62.4996,"Mar 18, 2025 09:30 AM"
62.5518,"Mar 18, 2025 09:25 AM"
62.5913,"Mar 18, 2025 09:20 AM"
62.5913,"Mar 18, 2025 09:15 AM"
62.6012,"Mar 18, 2025 09:10 AM"
62.5222,"Mar 18, 2025 09:00 AM"
62.5913,"Mar 18, 2025 08:50 AM"
62.6012,"Mar 18, 2025 08:40 AM"
62.5814,"Mar 18, 2025 08:35 AM"
62.7098,"Mar 18, 2025 08:30 AM"
62.7098,"Mar 18, 2025 08:20 AM"
62.6505,"Mar 18, 2025 08:05 AM"
61.8214,"Mar 18, 2025 08:00 AM"
62.7394,"Mar 18, 2025 07:55 AM"
62.7098,"Mar 18, 2025 07:35 AM"
62.7196,"Mar 18, 2025 07:25 AM"
62.6802,"Mar 18, 2025 07:10 AM"
62.6407,"Mar 18, 2025 06:55 AM"
62.6703,"Mar 18, 2025 06:45 AM"
62.7295,"Mar 18, 2025 06:30 AM"
62.7295,"Mar 18, 2025 06:15 AM"
62.6999,"Mar 18, 2025 06:10 AM"
62.8776,"Mar 18, 2025 05:25 AM"
62.8874,"Mar 18, 2025 05:20 AM"
62.9664,"Mar 18, 2025 05:05 AM"
62.9467,"Mar 18, 2025 05:00 AM"
62.9861,"Mar 18, 2025 04:55 AM"
62.9467,"Mar 18, 2025 04:50 AM"
62.9368,"Mar 18, 2025 04:45 AM"
62.9467,"Mar 18, 2025 04:40 AM"
62.996,"Mar 18, 2025 04:35 AM"
62.996,"Mar 18, 2025 04:30 AM"
63.0849,"Mar 18, 2025 04:25 AM"
63.0651,"Mar 18, 2025 04:20 AM"
62.8183,"Mar 18, 2025 04:15 AM"
62.769,"Mar 18, 2025 04:10 AM"
62.5716,"Mar 18, 2025 04:05 AM"
62.4432,"Mar 18, 2025 04:00 AM"
61.8214,"Mar 17, 2025 07:00 PM"
61.8214,"Mar 17, 2025 06:30 PM"
62.5795,"Mar 17, 2025 06:05 PM"
61.851,"Mar 17, 2025 05:55 PM"
61.851,"Mar 17, 2025 04:45 PM"
61.8214,"Mar 17, 2025 04:10 PM"
61.7301,"Mar 17, 2025 04:05 PM"
61.8214,"Mar 17, 2025 04:00 PM"
61.8313,"Mar 17, 2025 03:55 PM"
61.9596,"Mar 17, 2025 03:50 PM"
62.0024,"Mar 17, 2025 03:45 PM"
62.0208,"Mar 17, 2025 03:40 PM"
62.0484,"Mar 17, 2025 03:35 PM"
62.0089,"Mar 17, 2025 03:30 PM"
62.0089,"Mar 17, 2025 03:25 PM"
61.9892,"Mar 17, 2025 03:20 PM"
61.9398,"Mar 17, 2025 03:15 PM"
61.9301,"Mar 17, 2025 03:10 PM"
61.9991,"Mar 17, 2025 03:05 PM"
62.0188,"Mar 17, 2025 03:00 PM"
62.0385,"Mar 17, 2025 02:55 PM"
62.0582,"Mar 17, 2025 02:50 PM"
62.0505,"Mar 17, 2025 02:45 PM"
62.0336,"Mar 17, 2025 02:40 PM"
62.0287,"Mar 17, 2025 02:35 PM"
62.0385,"Mar 17, 2025 02:30 PM"
62.0287,"Mar 17, 2025 02:25 PM"
62.078,"Mar 17, 2025 02:20 PM"
62.1471,"Mar 17, 2025 02:15 PM"
62.1323,"Mar 17, 2025 02:10 PM"
62.1866,"Mar 17, 2025 02:05 PM"
62.1668,"Mar 17, 2025 02:00 PM"
62.1471,"Mar 17, 2025 01:55 PM"
62.1471,"Mar 17, 2025 01:50 PM"
62.1274,"Mar 17, 2025 01:45 PM"
62.1175,"Mar 17, 2025 01:40 PM"
62.0978,"Mar 17, 2025 01:35 PM"
62.0978,"Mar 17, 2025 01:30 PM"
62.0709,"Mar 17, 2025 01:25 PM"
62.1224,"Mar 17, 2025 01:20 PM"
62.1619,"Mar 17, 2025 01:15 PM"
62.236,"Mar 17, 2025 01:10 PM"
62.2557,"Mar 17, 2025 01:05 PM"
62.1965,"Mar 17, 2025 01:00 PM"
62.2063,"Mar 17, 2025 12:55 PM"
62.1521,"Mar 17, 2025 12:50 PM"
62.1274,"Mar 17, 2025 12:45 PM"
62.0706,"Mar 17, 2025 12:40 PM"
61.9941,"Mar 17, 2025 12:35 PM"
62.0583,"Mar 17, 2025 12:30 PM"
62.1718,"Mar 17, 2025 12:25 PM"
62.0484,"Mar 17, 2025 12:20 PM"
62.0682,"Mar 17, 2025 12:15 PM"
62.0809,"Mar 17, 2025 12:10 PM"
62.0287,"Mar 17, 2025 12:05 PM"
62.0139,"Mar 17, 2025 12:00 PM"
62.0484,"Mar 17, 2025 11:55 AM"
62.0978,"Mar 17, 2025 11:50 AM"
62.1175,"Mar 17, 2025 11:45 AM"
62.1373,"Mar 17, 2025 11:40 AM"
62.0484,"Mar 17, 2025 11:35 AM"
61.9843,"Mar 17, 2025 11:30 AM"
61.9694,"Mar 17, 2025 11:25 AM"
61.9991,"Mar 17, 2025 11:20 AM"
61.9497,"Mar 17, 2025 11:15 AM"
61.93,"Mar 17, 2025 11:10 AM"
61.9201,"Mar 17, 2025 11:05 AM"
61.9349,"Mar 17, 2025 11:00 AM"
61.7918,"Mar 17, 2025 10:55 AM"
61.8115,"Mar 17, 2025 10:50 AM"
61.8214,"Mar 17, 2025 10:45 AM"
61.851,"Mar 17, 2025 10:40 AM"
61.9031,"Mar 17, 2025 10:35 AM"
61.9694,"Mar 17, 2025 10:30 AM"
61.93,"Mar 17, 2025 10:25 AM"
61.8806,"Mar 17, 2025 10:20 AM"
61.8609,"Mar 17, 2025 10:15 AM"
61.8214,"Mar 17, 2025 10:10 AM"
61.9003,"Mar 17, 2025 10:05 AM"
62.0978,"Mar 17, 2025 10:00 AM"
62.1619,"Mar 17, 2025 09:55 AM"
62.1965,"Mar 17, 2025 09:50 AM"
62.1471,"Mar 17, 2025 09:45 AM"
62.1175,"Mar 17, 2025 09:40 AM"
62.0385,"Mar 17, 2025 09:35 AM"
62.0682,"Mar 17, 2025 09:30 AM"
61.8411,"Mar 17, 2025 09:25 AM"
61.929,"Mar 17, 2025 09:20 AM"
61.9497,"Mar 17, 2025 08:55 AM"
62.0287,"Mar 17, 2025 08:50 AM"
61.8905,"Mar 17, 2025 08:35 AM"
61.8806,"Mar 17, 2025 08:30 AM"
61.9398,"Mar 17, 2025 08:15 AM"
61.9003,"Mar 17, 2025 08:00 AM"
61.8016,"Mar 17, 2025 07:30 AM"
61.9398,"Mar 17, 2025 07:05 AM"
61.9398,"Mar 17, 2025 07:00 AM"
61.9201,"Mar 17, 2025 06:55 AM"
62.0385,"Mar 17, 2025 06:25 AM"
62.0682,"Mar 17, 2025 06:10 AM"
61.8411,"Mar 17, 2025 05:40 AM"
61.772,"Mar 17, 2025 05:25 AM"
61.6437,"Mar 17, 2025 05:10 AM"
61.8115,"Mar 17, 2025 05:05 AM"
61.93,"Mar 17, 2025 04:50 AM"
61.9991,"Mar 17, 2025 04:40 AM"
62.0089,"Mar 17, 2025 04:25 AM"
61.9003,"Mar 17, 2025 04:20 AM"
61.9201,"Mar 17, 2025 04:15 AM"
61.8609,"Mar 17, 2025 04:10 AM"
61.7227,"Mar 17, 2025 04:05 AM"
61.7227,"Mar 17, 2025 04:00 AM"